1019141,Gorgeous Wooden Chicken,68,10,277,5,30,1986,68,45112
1023842,Fantastic Granite Chicken,241,10,695,1,30,1975,241,97165
1040113,Practical Concrete Pizza,70,10,24,1,30,1998,70,52459
1065661,Licensed Rubber Keyboard,255,10,871,5,30,1954,255,19900
1089443,Practical Wooden Chicken,55,10,643,2,30,1993,55,15884
1114441,Handmade Soft Chips,382,10,895,3,30,1993,382,62944
1177515,Awesome Soft Chips,158,10,790,5,30,2000,158,26021
1209202,Awesome Granite Computer,286,10,930,1,30,1988,286,12501
1227385,Ergonomic Fresh Keyboard,137,10,412,1,30,1987,137,365
1235463,Intelligent Rubber Soap,216,10,256,4,30,1973,216,84269
1264195,Intelligent Plastic Hat,309,10,952,5,30,1996,309,84132
1282467,Incredible Soft Cheese,393,10,532,3,30,2012,393,27722
1289145,Licensed Plastic Salad,135,10,19,1,30,2009,135,34923
1291090,Awesome Frozen Towels,254,10,862,2,30,2001,254,97579
1304536,Handcrafted Concrete Keyboard,285,10,860,3,30,1960,285,1835
1342983,Handcrafted Plastic Pants,342,10,519,5,30,1983,342,26165
1347430,Refined Rubber Chair,379,10,319,1,30,2003,379,60769
1347984,Rustic Soft Shirt,247,10,439,5,30,2009,247,63830
1349648,Unbranded Wooden Keyboard,159,10,609,5,30,1991,159,64550
1367483,Handcrafted Rubber Mouse,180,10,158,1,30,2000,180,36415
1377003,Awesome Wooden Bacon,176,10,826,5,30,1971,176,87592
1412589,Unbranded Fresh Bike,50,10,346,3,30,2010,50,77295
1435341,Refined Steel Pants,79,10,520,4,30,1961,79,46466
1439886,Generic Granite Mouse,267,10,686,5,30,1987,267,7379
1461682,Rustic Soft Tuna,78,10,618,2,30,2013,78,14543
1464170,Intelligent Granite Salad,207,10,220,2,30,1991,207,51469
1515424,Intelligent Soft Salad,328,10,488,3,30,1962,328,50448
1529738,Gorgeous Metal Ball,298,10,251,3,30,2009,298,82258
1534452,Refined Rubber Chips,288,10,94,1,30,1967,288,99961
1565392,Ergonomic Wooden Shoes,223,10,462,4,30,1984,223,70302
1574345,Handmade Frozen Pants,6,10,779,1,30,1989,6,74435
1587039,Awesome Plastic Shirt,56,10,565,3,30,1982,56,26686
1591508,Generic Wooden Chair,352,10,784,5,30,1953,352,21931
1611032,Fantastic Granite Ball,238,10,240,5,30,1999,238,79385
1624403,Incredible Granite Tuna,291,10,4,2,30,2002,291,42287
1674964,Awesome Wooden Towels,307,10,917,3,30,1966,307,25211
1679503,Incredible Wooden Chair,312,10,66,4,30,2012,312,7867
1695224,Refined Rubber Bacon,211,10,972,2,30,1977,211,99255
1743794,Handcrafted Fresh Pants,119,10,955,4,30,1999,119,88322
1776616,Handmade Rubber Computer,21,10,806,5,30,1967,21,12635
1783115,Ergonomic Frozen Bike,7,10,686,3,30,1965,7,93756
1794888,Practical Granite Ball,303,10,992,5,30,2013,303,98275
1808165,Practical Rubber Gloves,296,10,111,2,30,1994,296,64951
1850891,Licensed Rubber Chips,187,10,16,3,30,1972,187,82881
1948706,Sleek Rubber Fish,222,10,203,4,30,1960,222,32501
1970330,Generic Cotton Mouse,63,10,687,3,30,2012,63,20931
1971163,Practical Soft Ball,133,10,509,5,30,2016,133,84744
1993185,Awesome Wooden Shirt,31,10,431,3,30,1989,31,5156
2007027,Gorgeous Rubber Hat,85,10,204,5,30,1978,85,60946
2022810,Gorgeous Concrete Fish,90,10,660,4,30,2005,90,39283
2084208,Tasty Frozen Table,343,10,493,2,30,1970,343,97010
2097864,Tasty Concrete Salad,338,10,755,3,30,1990,338,31833
2161774,Gorgeous Fresh Pizza,269,10,931,5,30,1963,269,21239
2170481,Generic Metal Chair,311,10,666,4,30,1953,311,21324
2171521,Sleek Cotton Chicken,261,10,373,4,30,2018,261,56076
2180468,Fantastic Soft Bike,81,10,865,3,30,1950,81,9135
2237806,Rustic Cotton Tuna,168,10,392,4,30,1983,168,84742
2267446,Practical Steel Bacon,189,10,206,4,30,1967,189,85205
2307436,Licensed Granite Hat,123,10,907,3,30,1990,123,5007
2317252,Unbranded Steel Table,229,10,515,3,30,1966,229,55483
2326416,Small Plastic Shoes,125,10,785,1,30,1980,125,97562
2357477,Incredible Cotton Shirt,12,10,863,2,30,2003,12,29230
2413793,Awesome Fresh Sausages,164,10,514,4,30,1987,164,68573
2417266,Refined Concrete Bacon,275,10,489,2,30,1976,275,37377
2418719,Small Concrete Sausages,181,10,609,2,30,1964,181,60473
2451925,Refined Steel Sausages,136,10,750,4,30,2002,136,86389
2456633,Unbranded Steel Pants,28,10,577,5,30,2013,28,96350
2458580,Generic Fresh Gloves,15,10,449,5,30,1975,15,37483
2459410,Sleek Wooden Computer,290,10,569,1,30,1999,290,3122
2507411,Unbranded Metal Chair,365,10,707,5,30,1964,365,89323
2518290,Awesome Plastic Computer,300,10,59,3,30,2017,300,58997
2518498,Rustic Cotton Fish,219,10,185,2,30,2006,219,92104
2521371,Awesome Wooden Towels,104,10,107,3,30,1962,104,77081
2541413,Tasty Frozen Bacon,141,10,428,5,30,1962,141,38252
2601504,Incredible Concrete Chips,14,10,657,3,30,2007,14,9269
2616645,Incredible Granite Ball,54,10,191,3,30,2006,54,50192
2635573,Practical Rubber Shirt,178,10,379,3,30,2014,178,49745
2644013,Gorgeous Rubber Pants,91,10,729,3,30,2015,91,759
2657424,Licensed Cotton Car,110,10,53,2,30,2007,110,64475
2675808,Tasty Frozen Chicken,306,10,183,5,30,2013,306,50912
2715819,Gorgeous Metal Towels,67,10,135,2,30,1971,67,22934
2759897,Practical Wooden Keyboard,115,10,988,4,30,1951,115,63636
2761634,Tasty Steel Chips,354,10,94,2,30,1981,354,98730
2784758,Practical Rubber Shoes,283,10,522,3,30,1994,283,12120
2836276,Tasty Frozen Fish,221,10,524,5,30,1960,221,69474
2839313,Gorgeous Wooden Fish,349,10,433,3,30,1965,349,11287
2867899,Rustic Wooden Keyboard,40,10,29,5,30,1970,40,36957
2876139,Awesome Frozen Fish,368,10,167,2,30,1975,368,17653
2898178,Incredible Rubber Chair,248,10,322,1,30,1962,248,84617
2912941,Fantastic Steel Bacon,322,10,906,2,30,1975,322,26277
2932256,Handcrafted Wooden Table,390,10,406,1,30,1960,390,17698
2947919,Sleek Steel Soap,355,10,38,3,30,2014,355,79978
2976457,Rustic Granite Bacon,384,10,559,5,30,1969,384,44574
2981728,Fantastic Steel Keyboard,112,10,328,5,30,1957,112,90234
2984080,Handcrafted Plastic Pants,333,10,942,5,30,1968,333,23593
2997448,Unbranded Cotton Fish,249,10,90,2,30,2015,249,94257
3015554,Generic Metal Ball,362,10,294,4,30,1972,362,9978
3031278,Fantastic Cotton Gloves,34,10,693,4,30,2012,34,34705
3039594,Sleek Fresh Pizza,305,10,395,5,30,1992,305,85547
3054962,Practical Granite Gloves,310,10,418,2,30,1958,310,49880
3064101,Handcrafted Rubber Chicken,143,10,160,5,30,1976,143,74300
3127527,Fantastic Fresh Ball,51,10,585,4,30,1950,51,68882
3132375,Fantastic Concrete Hat,345,10,383,1,30,1965,345,46690
3150334,Gorgeous Metal Chair,374,10,897,2,30,1969,374,69143
3150867,Handcrafted Cotton Tuna,72,10,446,3,30,1966,72,14077
3153528,Fantastic Granite Chicken,321,10,399,3,30,1986,321,21705
3168548,Licensed Steel Bike,60,10,894,4,30,2001,60,59881
3174886,Tasty Cotton Keyboard,236,10,419,1,30,1968,236,89963
3333582,Small Granite Bacon,316,10,649,1,30,2009,316,90214
3377983,Ergonomic Granite Mouse,167,10,402,5,30,1998,167,93737
3403717,Fantastic Soft Hat,17,10,905,5,30,1987,17,98257
3423898,Fantastic Metal Chips,351,10,678,5,30,1985,351,96991
3455570,Intelligent Plastic Bacon,232,10,979,3,30,1975,232,12615
3463377,Fantastic Granite Soap,183,10,899,2,30,1955,183,41760
3488376,Handmade Soft Fish,108,10,223,5,30,1991,108,37370
3522011,Sleek Wooden Gloves,124,10,347,2,30,1968,124,24965
3550841,Sleek Metal Shirt,88,10,48,1,30,1951,88,97082
3553808,Unbranded Plastic Ball,162,10,637,3,30,1962,162,23116
3567013,Ergonomic Wooden Pizza,335,10,746,5,30,1970,335,2856
3570570,Tasty Cotton Cheese,239,10,117,4,30,2011,239,7371
3595858,Sleek Rubber Chips,371,10,171,5,30,1964,371,20120
3643608,Refined Rubber Chicken,42,10,493,4,30,1975,42,28480
3677368,Incredible Soft Car,297,10,457,4,30,2013,297,19056
3681539,Refined Cotton Bike,302,10,666,1,30,1959,302,79908
3687469,Generic Metal Salad,265,10,681,2,30,1973,265,15005
3743791,Small Metal Gloves,271,10,224,3,30,2018,271,21182
3765047,Refined Fresh Car,46,10,721,5,30,1958,46,38693
3812939,Licensed Concrete Sausages,186,10,993,5,30,2015,186,64840
3816626,Gorgeous Metal Hat,215,10,650,3,30,1991,215,52720
3818273,Intelligent Rubber Pants,334,10,244,3,30,1965,334,91487
3876372,Handcrafted Fresh Computer,212,10,913,2,30,1973,212,26292
3876967,Refined Cotton Chicken,277,10,407,2,30,1994,277,97736
3889700,Fantastic Plastic Keyboard,105,10,704,4,30,2011,105,23859
3905889,Handmade Rubber Ball,281,10,730,3,30,1985,281,50168
4016204,Handmade Metal Mouse,388,10,355,4,30,1951,388,50220
4075362,Licensed Frozen Hat,294,10,720,2,30,2009,294,1775
4084090,Refined Cotton Shoes,2,10,490,2,30,2008,2,74461
4130286,Awesome Frozen Sausages,397,10,16,2,30,1984,397,26837
4134190,Incredible Soft Soap,161,10,346,1,30,1982,161,89454
4153248,Practical Fresh Cheese,174,10,258,2,30,1964,174,84539
4186568,Awesome Steel Keyboard,230,10,346,2,30,1961,230,5526
4239401,Small Cotton Chair,102,10,138,4,30,2000,102,23921
4328153,Practical Frozen Chair,347,10,289,1,30,1991,347,63953
4333262,Sleek Fresh Hat,251,10,532,2,30,1971,251,14809
4336355,Unbranded Soft Salad,319,10,89,2,30,2017,319,76580
4355639,Practical Plastic Tuna,173,10,118,2,30,1992,173,98643
4355854,Intelligent Soft Cheese,29,10,323,5,30,2014,29,74101
4363324,Incredible Fresh Sausages,280,10,222,5,30,2014,280,92289
4364089,Handmade Rubber Pizza,145,10,223,2,30,2015,145,30567
4402517,Licensed Cotton Fish,226,10,346,4,30,1968,226,4357
4407911,Small Cotton Chicken,59,10,14,3,30,1955,59,51318
4493554,Licensed Metal Towels,120,10,457,5,30,1996,120,94973
4529804,Ergonomic Steel Pants,9,10,964,3,30,2006,9,99659
4548054,Handcrafted Frozen Pants,304,10,587,2,30,2006,304,78934
4548552,Rustic Fresh Chicken,69,10,830,3,30,2015,69,10189
4549386,Refined Steel Gloves,227,10,386,5,30,1985,227,14039
4555337,Fantastic Metal Chicken,95,10,35,5,30,1981,95,80119
4607435,Small Granite Gloves,182,10,602,5,30,1982,182,25991
4684461,Gorgeous Cotton Chicken,132,10,659,2,30,1967,132,6705
4690660,Fantastic Plastic Soap,191,10,714,4,30,2017,191,69581
4696192,Intelligent Plastic Tuna,360,10,653,5,30,2011,360,93791
4712333,Handcrafted Frozen Table,106,10,6,2,30,2012,106,3357
4743479,Tasty Steel Salad,151,10,944,5,30,1964,151,67963
4771414,Small Metal Cheese,341,10,881,5,30,1987,341,38007
4784029,Fantastic Granite Tuna,122,10,272,4,30,2015,122,83557
4800416,Generic Frozen Chips,359,10,980,2,30,1961,359,85012
4810747,Generic Soft Pants,156,10,9,1,30,1955,156,39390
4828939,Fantastic Fresh Soap,8,10,555,5,30,2008,8,51072
4838381,Practical Concrete Pizza,20,10,885,4,30,1977,20,7366
4851547,Fantastic Cotton Cheese,262,10,672,5,30,1962,262,51198
4891082,Rustic Granite Hat,140,10,931,1,30,1988,140,23187
4897823,Handmade Granite Towels,323,10,131,4,30,1965,323,13992
4917815,Tasty Plastic Ball,35,10,425,4,30,2010,35,52904
4979037,Refined Fresh Car,353,10,334,3,30,1978,353,53285
5075238,Unbranded Metal Chips,114,10,642,1,30,1997,114,41498
5163032,Handmade Rubber Sausages,317,10,790,4,30,1977,317,33013
5221964,Fantastic Wooden Pizza,330,10,839,2,30,2008,330,38915
5230663,Refined Steel Ball,10,10,153,1,30,1967,10,91826
5232591,Refined Wooden Towels,16,10,599,4,30,1961,16,81434
5269642,Generic Fresh Bike,80,10,544,5,30,2013,80,99149
5288392,Handmade Cotton Bacon,190,10,21,3,30,2016,190,70765
5290862,Gorgeous Concrete Chair,395,10,489,5,30,1985,395,87427
5327626,Awesome Steel Tuna,73,10,348,2,30,2009,73,83131
5356256,Generic Metal Soap,224,10,586,1,30,1956,224,46005
5366405,Awesome Metal Salad,148,10,521,1,30,1963,148,54645
5378166,Handcrafted Steel Sausages,64,10,193,5,30,1976,64,3367
5425340,Unbranded Soft Shirt,83,10,960,2,30,1956,83,3352
5434446,Fantastic Cotton Gloves,96,10,199,3,30,1974,96,52628
5453282,Fantastic Granite Fish,228,10,320,1,30,1994,228,80548
5462435,Sleek Plastic Mouse,82,10,295,4,30,1956,82,75672
5464469,Generic Fresh Pants,266,10,392,1,30,1982,266,69134
5471513,Small Steel Fish,33,10,329,3,30,1960,33,16869
5479465,Small Granite Mouse,263,10,123,4,30,1961,263,26660
5500761,Incredible Cotton Gloves,25,10,267,3,30,1996,25,48325
5535932,Tasty Metal Mouse,314,10,938,2,30,1950,314,68159
5540171,Gorgeous Concrete Ball,308,10,744,4,30,1955,308,552
5579139,Refined Metal Computer,26,10,255,3,30,1968,26,2164
5580733,Licensed Wooden Pizza,268,10,931,3,30,1953,268,43076
5600184,Gorgeous Granite Ball,5,10,886,3,30,1983,5,73893
5607382,Ergonomic Cotton Shoes,142,10,572,4,30,1976,142,87303
5620440,Handmade Plastic Tuna,166,10,272,3,30,2000,166,68532
5626758,Gorgeous Concrete Chicken,259,10,844,3,30,1977,259,93617
5628801,Intelligent Rubber Cheese,235,10,505,2,30,2000,235,18172
5631155,Unbranded Metal Ball,61,10,990,1,30,1959,61,12281
5635491,Gorgeous Rubber Gloves,203,10,600,4,30,2006,203,62247
5653711,Incredible Frozen Chicken,92,10,486,4,30,1958,92,90397
5673613,Awesome Wooden Bacon,243,10,494,1,30,1960,243,66448
5684980,Awesome Granite Towels,165,10,700,4,30,1953,165,22865
5743684,Small Cotton Gloves,394,10,90,1,30,1997,394,92630
5744687,Tasty Soft Chair,39,10,197,1,30,1951,39,57208
5756539,Intelligent Wooden Table,44,10,882,2,30,1970,44,15337
5772885,Handmade Concrete Pizza,75,10,340,3,30,1987,75,83718
5813574,Intelligent Soft Tuna,332,10,930,4,30,2007,332,40700
5858040,Unbranded Granite Fish,196,10,865,5,30,1979,196,97316
5862881,Sleek Metal Car,201,10,568,3,30,1996,201,39276
5890512,Gorgeous Metal Gloves,157,10,307,5,30,1955,157,105
5895566,Licensed Soft Shirt,392,10,782,3,30,2015,392,27056
5911103,Handcrafted Soft Computer,169,10,616,3,30,1955,169,15177
5915671,Small Concrete Mouse,273,10,1000,1,30,2012,273,78080
5991496,Gorgeous Cotton Cheese,242,10,841,1,30,1981,242,70953
5991980,Awesome Metal Bike,41,10,232,3,30,2017,41,70160
5999534,Awesome Frozen Keyboard,175,10,667,1,30,1964,175,54171
6029532,Handmade Concrete Bacon,84,10,482,4,30,1973,84,11967
6071610,Handcrafted Plastic Bacon,381,10,86,5,30,1986,381,76814
6079749,Handmade Metal Gloves,279,10,773,5,30,1971,279,68776
6113190,Unbranded Concrete Table,372,10,23,1,30,1956,372,513
6116472,Small Cotton Ball,98,10,268,2,30,1964,98,32026
6164473,Incredible Plastic Car,111,10,678,4,30,1967,111,54117
6165558,Handcrafted Plastic Bacon,121,10,927,2,30,1967,121,92458
6232244,Small Frozen Ball,252,10,390,2,30,2012,252,4431
6366502,Unbranded Concrete Chicken,200,10,469,1,30,2010,200,51489
6391004,Unbranded Concrete Salad,37,10,672,2,30,1972,37,72697
6396553,Unbranded Cotton Chair,179,10,356,2,30,1984,179,43481
6418967,Rustic Fresh Gloves,19,10,152,2,30,1982,19,2695
6437516,Fantastic Wooden Ball,387,10,516,3,30,1981,387,67531
6509948,Refined Soft Pizza,340,10,738,1,30,1956,340,22533
6515740,Generic Frozen Computer,77,10,769,4,30,1961,77,23120
6524754,Fantastic Plastic Salad,315,10,36,3,30,1964,315,94584
6567385,Tasty Wooden Keyboard,244,10,21,4,30,1958,244,43919
6576353,Generic Fresh Keyboard,386,10,819,2,30,1991,386,26904
6588650,Gorgeous Fresh Shoes,32,10,920,3,30,1995,32,65965
6634296,Sleek Wooden Keyboard,52,10,342,1,30,2001,52,23811
6641942,Practical Plastic Table,301,10,43,5,30,2013,301,48899
6643924,Handmade Fresh Chair,154,10,573,1,30,2014,154,5434
6645177,Licensed Concrete Bike,208,10,528,2,30,1973,208,90380
6675471,Small Soft Chair,131,10,278,3,30,2009,131,69098
6684095,Refined Wooden Towels,366,10,194,2,30,1979,366,13541
6716406,Licensed Steel Car,205,10,500,4,30,1997,205,33129
6723693,Generic Fresh Chicken,22,10,559,5,30,1951,22,95462
6724844,Handcrafted Fresh Keyboard,253,10,890,1,30,1977,253,97432
6742530,Generic Concrete Car,326,10,913,5,30,1953,326,18613
6764774,Handmade Steel Tuna,336,10,296,1,30,1995,336,97005
6833263,Refined Granite Chicken,272,10,642,1,30,1963,272,97657
6836467,Rustic Soft Ball,147,10,152,5,30,1984,147,24056
6845592,Awesome Cotton Chicken,43,10,202,1,30,2007,43,82791
6856675,Intelligent Rubber Soap,367,10,405,5,30,1964,367,8423
6858195,Incredible Plastic Tuna,57,10,147,5,30,1976,57,46655
6879861,Handcrafted Wooden Bike,344,10,563,1,30,1991,344,22116
6886493,Handcrafted Metal Soap,99,10,655,2,30,1999,99,63481
6939264,Unbranded Metal Mouse,361,10,169,1,30,2016,361,892
6949318,Generic Granite Sausages,213,10,765,4,30,1957,213,46163
6979001,Sleek Steel Bike,194,10,130,5,30,1954,194,97110
6984919,Ergonomic Steel Pizza,49,10,874,3,30,1975,49,21284
7021542,Small Granite Car,129,10,652,2,30,1951,129,72581
7039332,Small Concrete Sausages,36,10,924,1,30,1958,36,10857
7043717,Gorgeous Wooden Bacon,172,10,275,3,30,1997,172,16374
7080893,Ergonomic Wooden Keyboard,47,10,924,4,30,1999,47,60062
7085818,Generic Granite Shoes,66,10,86,5,30,1953,66,60948
7096334,Tasty Wooden Pizza,295,10,261,5,30,1995,295,88485
7151114,Small Concrete Table,126,10,618,5,30,2013,126,87070
7159442,Gorgeous Steel Computer,199,10,219,1,30,1953,199,80548
7161664,Sleek Metal Salad,198,10,510,1,30,1976,198,78984
7202326,Tasty Metal Bike,346,10,14,4,30,1953,346,10552
7202574,Incredible Granite Pants,389,10,399,4,30,1995,389,54665
7222204,Unbranded Rubber Ball,237,10,959,5,30,1961,237,39952
7242564,Incredible Plastic Tuna,399,10,422,3,30,2006,399,77867
7266406,Generic Concrete Chicken,246,10,137,3,30,1970,246,71134
7285111,Rustic Cotton Bike,245,10,526,4,30,2016,245,91244
7298300,Sleek Fresh Hat,373,10,576,4,30,1978,373,25047
7314550,Licensed Rubber Car,155,10,795,5,30,1991,155,8408
7343318,Sleek Cotton Table,171,10,308,4,30,1963,171,12608
7344067,Incredible Granite Mouse,258,10,108,4,30,2013,258,61431
7371969,Generic Cotton Sausages,138,10,17,5,30,2001,138,89631
7379383,Generic Concrete Shirt,350,10,579,2,30,2013,350,24513
7380904,Gorgeous Metal Cheese,116,10,548,3,30,1959,116,50048
7396868,Refined Steel Salad,117,10,258,1,30,1993,117,279
7414435,Practical Fresh Sausages,160,10,82,1,30,1994,160,94618
7418597,Fantastic Fresh Pizza,284,10,707,3,30,2007,284,83480
7431314,Intelligent Cotton Car,24,10,571,1,30,1956,24,98602
7448472,Unbranded Plastic Gloves,94,10,918,2,30,1987,94,50171
7454447,Gorgeous Wooden Tuna,38,10,920,1,30,2006,38,56407
7528591,Handcrafted Concrete Pants,76,10,638,4,30,1976,76,33321
7636383,Unbranded Cotton Gloves,204,10,119,4,30,1980,204,83438
7656522,Ergonomic Frozen Table,327,10,799,1,30,1977,327,86157
7659423,Incredible Steel Shoes,1,10,37,2,30,1955,1,89580
7675890,Unbranded Fresh Fish,193,10,268,4,30,1967,193,67419
7699421,Gorgeous Rubber Chicken,220,10,600,5,30,1988,220,25031
7702122,Refined Plastic Shoes,217,10,221,2,30,1968,217,76605
7707354,Rustic Frozen Car,185,10,328,5,30,2011,185,77590
7734405,Ergonomic Steel Towels,337,10,448,1,30,1998,337,71849
7768026,Incredible Metal Bike,48,10,140,3,30,1991,48,14058
7790438,Awesome Steel Pants,89,10,791,2,30,1995,89,80744
7817506,Unbranded Wooden Pants,210,10,227,5,30,1970,210,10324
7825339,Incredible Rubber Bike,233,10,614,4,30,1961,233,39580
7847645,Rustic Wooden Computer,130,10,998,2,30,1972,130,48720
7848155,Small Plastic Keyboard,4,10,338,2,30,1996,4,55110
7867506,Awesome Concrete Computer,329,10,216,3,30,2011,329,73619
7884104,Fantastic Wooden Bacon,184,10,614,2,30,1993,184,23351
7925977,Incredible Fresh Bike,348,10,700,5,30,1993,348,34833
7931405,Refined Plastic Pants,86,10,420,4,30,1999,86,66730
7948127,Licensed Soft Fish,195,10,488,2,30,1951,195,48487
8016055,Unbranded Concrete Computer,71,10,609,4,30,2008,71,57248
8050947,Awesome Fresh Pizza,383,10,106,1,30,2006,383,89479
8123476,Sleek Plastic Hat,206,10,601,4,30,1987,206,65465
8154523,Rustic Granite Table,209,10,206,4,30,1953,209,72998
8164795,Fantastic Wooden Chips,385,10,59,1,30,1981,385,99481
8210561,Tasty Soft Cheese,30,10,254,1,30,1963,30,58075
8214728,Sleek Steel Tuna,188,10,427,4,30,1952,188,54264
8217948,Handmade Fresh Gloves,11,10,696,1,30,1992,11,80312
8221096,Practical Metal Pizza,134,10,449,5,30,2016,134,67905
8273622,Sleek Metal Cheese,398,10,860,3,30,1999,398,59016
8325248,Unbranded Cotton Keyboard,153,10,695,3,30,1959,153,43620
8328512,Tasty Soft Pants,3,10,293,3,30,2008,3,40951
8340025,Fantastic Wooden Keyboard,118,10,858,1,30,2011,118,33073
8347483,Tasty Metal Hat,369,10,887,5,30,1957,369,70575
8372298,Awesome Plastic Table,278,10,851,3,30,2000,278,69512
8387713,Sleek Metal Pants,109,10,259,4,30,1976,109,56201
8394670,Rustic Plastic Chair,240,10,667,5,30,1953,240,67824
8449850,Small Steel Keyboard,113,10,577,2,30,1969,113,77019
8471893,Small Plastic Salad,356,10,633,5,30,1983,356,62622
8483405,Gorgeous Metal Bike,93,10,810,2,30,1992,93,48347
8485816,Handcrafted Metal Salad,150,10,528,1,30,1951,150,50487
8622236,Handcrafted Granite Computer,234,10,608,3,30,2018,234,59052
8657621,Rustic Cotton Mouse,74,10,652,1,30,1967,74,41960
8659018,Practical Frozen Tuna,18,10,268,1,30,1962,18,63216
8675564,Unbranded Fresh Cheese,370,10,117,5,30,1973,370,6184
8691745,Ergonomic Fresh Car,357,10,409,2,30,1985,357,19726
8725474,Handmade Concrete Chips,100,10,603,5,30,2007,100,89393
8748384,Sleek Frozen Cheese,320,10,545,4,30,1997,320,98295
8759394,Small Granite Mouse,396,10,700,4,30,1982,396,82957
8795047,Intelligent Cotton Tuna,27,10,700,2,30,1955,27,63156
8820369,Rustic Metal Tuna,299,10,974,3,30,1954,299,73843
8876733,Sleek Plastic Gloves,225,10,997,3,30,2009,225,81404
8889443,Licensed Concrete Soap,101,10,515,4,30,1956,101,18658
8899967,Generic Wooden Cheese,313,10,434,1,30,1995,313,6750
8908177,Fantastic Concrete Soap,87,10,725,3,30,1995,87,85583
9002896,Unbranded Metal Shoes,177,10,897,5,30,1979,177,64559
9071185,Handmade Concrete Gloves,292,10,956,1,30,1998,292,77348
9092091,Unbranded Cotton Soap,170,10,219,1,30,2003,170,42447
9188743,Intelligent Rubber Car,256,10,843,1,30,1988,256,42087
9188783,Handmade Concrete Shoes,58,10,435,2,30,2000,58,8982
9200021,Awesome Concrete Tuna,364,10,894,5,30,1958,364,34766
9227517,Gorgeous Soft Chair,163,10,770,3,30,1964,163,68546
9241969,Small Concrete Towels,376,10,142,5,30,1965,376,40706
9274849,Fantastic Steel Towels,197,10,222,4,30,1955,197,16183
9292955,Small Soft Pizza,103,10,523,2,30,1956,103,36086
9330556,Ergonomic Rubber Car,149,10,311,4,30,1973,149,62771
9372682,Ergonomic Granite Shoes,202,10,943,2,30,1952,202,57327
9420723,Intelligent Wooden Shirt,377,10,848,4,30,1950,377,86393
9437065,Fantastic Plastic Pants,318,10,960,3,30,1982,318,62009
9494203,Fantastic Steel Towels,289,10,658,5,30,1964,289,60907
9564696,Licensed Metal Table,53,10,453,4,30,1958,53,3295
9650437,Handcrafted Metal Salad,260,10,411,5,30,1984,260,31136
9681159,Small Cotton Bacon,23,10,642,5,30,1971,23,55174
9694955,Rustic Metal Chair,274,10,197,5,30,1967,274,39501
9740890,Refined Soft Hat,287,10,973,2,30,1965,287,69572
9831908,Licensed Metal Bike,97,10,885,4,30,1992,97,34492
9853670,Gorgeous Granite Ball,324,10,172,1,30,2008,324,97376
9853946,Unbranded Rubber Tuna,282,10,466,2,30,2014,282,3147
9882006,Gorgeous Concrete Keyboard,139,10,619,1,30,1992,139,47972
9883194,Incredible Concrete Pizza,144,10,580,2,30,1957,144,25079
9916727,Generic Rubber Soap,127,10,106,1,30,1999,127,26869
9973421,Fantastic Frozen Salad,107,10,189,5,30,1987,107,59550
